Feature,Importance
rainfall,0.22313347936645017
humidity,0.21687881255277663
K,0.18344567534980388
P,0.14557929215817647
N,0.10196203760467762
temperature,0.07552186988783761
ph,0.05347883308027761
